c3VycHN3,anJvZw==,RHNzb2xmZHF3Ykl4b29iUWRwaGJzdXJwc3c=
JUlydSNmb2xxbGZkbyN3dWxkbyNRRlczMzw6NzY0NDEjRHBycWojd2toI3BydWgjaGlpaGZ3bHloI3VoamxwaHEjbHFqdWhnbGhxd3YvI2lscWcjemtsZmsjbHFqdWhnbGhxdyN2d2R1d3Yjemx3ayN3a2gjb2h3d2h1IypIKjFfcVVod3h1cSNycW98I3draCNxZHBoI3JpI3draCNscWp1aGdsaHF3I3J1I1hRTlFSWlEjbHEjZG9vI0ZEU1YjbHEjd2toI2lydXBkdyNyaSNMUUpVSEdMSFFXPSNxZHBoMSU=,SFFdRE9YV0RQTEdI,THFqdWhnbGhxdw==
JUlydSNmb2xxbGZkbyN3dWxkbyNRRlczNTs2Ozc1MzEjRHBycWojd2toI29odnYjaGlpaGZ3bHloI3VoamxwaHEjbHFqdWhnbGhxd3YvI2lscWcjemtsZmsjbHFqdWhnbGhxdyN2d2R1d3Yjemx3ayN3a2gjb2h3d2h1IypGKjFfcVVod3h1cSNycW98I3draCNxZHBoI3JpI3draCNscWp1aGdsaHF3I3J1I1hRTlFSWlEjbHEjZG9vI0ZEU1YjbHEjd2toI2lydXBkdyNyaSNMUUpVSEdMSFFXPSNxZHBoMSU=,RlVMXVJXTFFMRQ==,THFqdWhnbGhxdw==
JUlydSNmb2xxbGZkbyN3dWxkbyNRRlczNDw2OzMzNDEjRHBycWojd2toI3BydWgjaGlpaGZ3bHloI3VoamxwaHEjbHFqdWhnbGhxd3YvI2lscWcjemtsZmsjbHFqdWhnbGhxdyN2d2R1d3Yjemx3ayN3a2gjb2h3d2h1IypPKjFfcVVod3h1cSNycW98I3draCNxZHBoI3JpI3draCNscWp1aGdsaHF3I3J1I1hRTlFSWlEjbHEjZG9vI0ZEU1YjbHEjd2toI2lydXBkdyNyaSNMUUpVSEdMSFFXPSNxZHBoMSU=,T0hRRE9MR1JQTEdI,THFqdWhnbGhxdw==
JUlydSNmb2xxbGZkbyN3dWxkbyNRRlczMzM6NDo8PDEjRHBycWojd2toI3BydWgjaGlpaGZ3bHloI3VoamxwaHEjbHFqdWhnbGhxd3YvI2lscWcjemtsZmsjbHFqdWhnbGhxdyN2d2R1d3Yjemx3ayN3a2gjb2h3d2h1IypEKjFfcVVod3h1cSNycW98I3draCNxZHBoI3JpI3draCNscWp1aGdsaHF3I3J1I1hRTlFSWlEjbHEjZG9vI0ZEU1YjbHEjd2toI2lydXBkdyNyaSNMUUpVSEdMSFFXPSNxZHBoMSU=,RF1ERkxXTEdMUUg=,THFqdWhnbGhxdw==
JUlydSNmb2xxbGZkbyN3dWxkbyNRRlczMzo1Mzg0NTEjRHBycWojd2toI3BydWgjaGlpaGZ3bHloI3VoamxwaHEjbHFqdWhnbGhxd3YvI2lscWcjemtsZmsjbHFqdWhnbGhxdyN2d2R1d3Yjemx3ayN3a2gjb2h3d2h1IypMKjFfcVVod3h1cSNycW98I3draCNxZHBoI3JpI3draCNscWp1aGdsaHF3I3J1I1hRTlFSWlEjbHEjZG9vI0ZEU1YjbHEjd2toI2lydXBkdyNyaSNMUUpVSEdMSFFXPSNxZHBoMSU=,TFVMUVJXSEZEUSNLXEdVUkZLT1JVTEdI,THFqdWhnbGhxdw==
JUlydSNmb2xxbGZkbyN3dWxkbyNRRlczNTo4ODg8OjEjRHBycWojd2toI3BydWgjaGlpaGZ3bHloI3VoamxwaHEjbHFqdWhnbGhxd3YvI2lscWcjemtsZmsjbHFqdWhnbGhxdyN2d2R1d3Yjemx3ayN3a2gjb2h3d2h1IypZKjFfcVVod3h1cSNycW98I3draCNxZHBoI3JpI3draCNscWp1aGdsaHF3I3J1I1hRTlFSWlEjbHEjZG9vI0ZEU1YjbHEjd2toI2lydXBkdyNyaSNMUUpVSEdMSFFXPSNxZHBoMSU=,WUhRSFdSRk9EWw==,THFqdWhnbGhxdw==
JUlydSNmb2xxbGZkbyN3dWxkbyNRRlczMzs2Njs2NjEjRHBycWojd2toI3BydWgjaGlpaGZ3bHloI3VoamxwaHEjbHFqdWhnbGhxd3YvI2lscWcjemtsZmsjbHFqdWhnbGhxdyN2d2R1d3Yjemx3ayN3a2gjb2h3d2h1IypHKjFfcVVod3h1cSNycW98I3draCNxZHBoI3JpI3draCNscWp1aGdsaHF3I3J1I1hRTlFSWlEjbHEjZG9vI0ZEU1YjbHEjd2toI2lydXBkdyNyaSNMUUpVSEdMSFFXPSNxZHBoMSU=,R0hbRFBIV0tEVlJRSA==,THFqdWhnbGhxdw==
JUlydSNmb2xxbGZkbyN3dWxkbyNRRlczNDw6NjY7OjEjRHBycWojd2toI3BydWgjaGlpaGZ3bHloI3VoamxwaHEjbHFqdWhnbGhxd3YvI2lscWcjemtsZmsjbHFqdWhnbGhxdyN2d2R1d3Yjemx3ayN3a2gjb2h3d2h1IypMKjFfcVVod3h1cSNycW98I3draCNxZHBoI3JpI3draCNscWp1aGdsaHF3I3J1I1hRTlFSWlEjbHEjZG9vI0ZEU1YjbHEjd2toI2lydXBkdyNyaSNMUUpVSEdMSFFXPSNxZHBoMSU=,TEVVWFdMUUxF,THFqdWhnbGhxdw==
JUlydSNmb2xxbGZkbyN3dWxkbyNRRlczMzs3Njs7NTEjRHBycWojd2toI3BydWgjaGlpaGZ3bHloI3VoamxwaHEjbHFqdWhnbGhxd3YvI2lscWcjemtsZmsjbHFqdWhnbGhxdyN2d2R1d3Yjemx3ayN3a2gjb2h3d2h1IypPKjFfcVVod3h1cSNycW98I3draCNxZHBoI3JpI3draCNscWp1aGdsaHF3I3J1I1hRTlFSWlEjbHEjZG9vI0ZEU1YjbHEjd2toI2lydXBkdyNyaSNMUUpVSEdMSFFXPSNxZHBoMSU=,T0hRRE9MR1JQTEdI,THFqdWhnbGhxdw==
JUlydSNmb2xxbGZkbyN3dWxkbyNRRlczNDU2NDc0NTEjRHBycWojd2toI3BydWgjaGlpaGZ3bHloI3VoamxwaHEjbHFqdWhnbGhxd3YvI2lscWcjemtsZmsjbHFqdWhnbGhxdyN2d2R1d3Yjemx3ayN3a2gjb2h3d2h1IypWKjFfcVVod3h1cSNycW98I3draCNxZHBoI3JpI3draCNscWp1aGdsaHF3I3J1I1hRTlFSWlEjbHEjZG9vI0ZEU1YjbHEjd2toI2lydXBkdyNyaSNMUUpVSEdMSFFXPSNxZHBoMSU=,VkxVUk9MUFhW,THFqdWhnbGhxdw==
JUlsdXZ3LyNpcnUjZm9scWxmZG8jd3VsZG8jUUZXMzM8Ojc2NDQvI2RwcnFqI3draCNwcnVoI2hpaWhmd2x5aCN1aGpscGhxI2xxanVoZ2xocXd2LyNsZ2hxd2xpfCN6a2xmayNscWp1aGdsaHF3I3Z3ZHV3diN6bHdrI3draCNvaHd3aHUjKkgqMV9xX3FXa2hxLyNpbHFnI3prbGZrI2ZycHNkcXwja2R2I3draCNvZHdodncjSUdEI2Rzc3VyeWRvI2dkd2gjeHMjd2xvbyNHaGYvIzUzNTcjaXJ1I3drbHYjbGdocXdsaWxoZyNscWp1aGdsaHF3MSNRcndoI3drZHcjemgjZHVoI3Jxb3wjb3JybmxxaiNpcnUjcnlodWRvbyNJR0QjZ3V4aiNkc3N1cnlkby8jcXJ3I3FoeiNscWdsZmR3bHJxdiNydSN2eHNzb2hwaHF3ZG8jZHNzdXJ5ZG92MV9xVWh3eHVxI3Jxb3wjd2toI2ZycHNkcXwjcWRwaCNscSNpcnVwZHcjcmkjRlJQU0RRXD0jcWRwaDEl,RFZXSE9PRFY=,RHNzb2xmZHF3Ykl4b29iUWRwaA==
JUlsdXZ3LyNpcnUjZm9scWxmZG8jd3VsZG8jUUZXMzU7Njs3NTMvI2RwcnFqI3draCNvaHZ2I2hpaWhmd2x5aCN1aGpscGhxI2xxanVoZ2xocXd2LyNsZ2hxd2xpfCN6a2xmayNscWp1aGdsaHF3I3Z3ZHV3diN6bHdrI3draCNvaHd3aHUjKkYqMV9xX3FXa2hxLyNpbHFnI3prbGZrI2ZycHNkcXwja2R2I3draCNvZHdodncjSUdEI2Rzc3VyeWRvI2dkd2gjeHMjd2xvbyNHaGYvIzUzNTcjaXJ1I3drbHYjbGdocXdsaWxoZyNscWp1aGdsaHF3MSNRcndoI3drZHcjemgjZHVoI3Jxb3wjb3JybmxxaiNpcnUjcnlodWRvbyNJR0QjZ3V4aiNkc3N1cnlkby8jcXJ3I3FoeiNscWdsZmR3bHJxdiNydSN2eHNzb2hwaHF3ZG8jZHNzdXJ5ZG92MV9xVWh3eHVxI3Jxb3wjd2toI2ZycHNkcXwjcWRwaCNscSNpcnVwZHcjcmkjRlJQU0RRXD0jcWRwaDEl,U0kjU1VMVlAjRlk=,RHNzb2xmZHF3Ykl4b29iUWRwaA==
JUlsdXZ3LyNpcnUjZm9scWxmZG8jd3VsZG8jUUZXMzQ8NjszMzQvI2RwcnFqI3draCNwcnVoI2hpaWhmd2x5aCN1aGpscGhxI2xxanVoZ2xocXd2LyNsZ2hxd2xpfCN6a2xmayNscWp1aGdsaHF3I3Z3ZHV3diN6bHdrI3draCNvaHd3aHUjKk8qMV9xX3FXa2hxLyNpbHFnI3prbGZrI2ZycHNkcXwja2R2I3draCNvZHdodncjSUdEI2Rzc3VyeWRvI2dkd2gjeHMjd2xvbyNHaGYvIzUzNTcjaXJ1I3drbHYjbGdocXdsaWxoZyNscWp1aGdsaHF3MSNRcndoI3drZHcjemgjZHVoI3Jxb3wjb3JybmxxaiNpcnUjcnlodWRvbyNJR0QjZ3V4aiNkc3N1cnlkby8jcXJ3I3FoeiNscWdsZmR3bHJxdiNydSN2eHNzb2hwaHF3ZG8jZHNzdXJ5ZG92MV9xVWh3eHVxI3Jxb3wjd2toI2ZycHNkcXwjcWRwaCNscSNpcnVwZHcjcmkjRlJQU0RRXD0jcWRwaDEl,RVVMVldSTyNQXEhVViNWVFhMRUU=,RHNzb2xmZHF3Ykl4b29iUWRwaA==
JUlsdXZ3LyNpcnUjZm9scWxmZG8jd3VsZG8jUUZXMzMzOjQ6PDwvI2RwcnFqI3draCNwcnVoI2hpaWhmd2x5aCN1aGpscGhxI2xxanVoZ2xocXd2LyNsZ2hxd2xpfCN6a2xmayNscWp1aGdsaHF3I3Z3ZHV3diN6bHdrI3draCNvaHd3aHUjKkQqMV9xX3FXa2hxLyNpbHFnI3prbGZrI2ZycHNkcXwja2R2I3draCNvZHdodncjSUdEI2Rzc3VyeWRvI2dkd2gjeHMjd2xvbyNHaGYvIzUzNTcjaXJ1I3drbHYjbGdocXdsaWxoZyNscWp1aGdsaHF3MSNRcndoI3drZHcjemgjZHVoI3Jxb3wjb3JybmxxaiNpcnUjcnlodWRvbyNJR0QjZ3V4aiNkc3N1cnlkby8jcXJ3I3FoeiNscWdsZmR3bHJxdiNydSN2eHNzb2hwaHF3ZG8jZHNzdXJ5ZG92MV9xVWh3eHVxI3Jxb3wjd2toI2ZycHNkcXwjcWRwaCNscSNpcnVwZHcjcmkjRlJQU0RRXD0jcWRwaDEl,RVVMVldSTw==,RHNzb2xmZHF3Ykl4b29iUWRwaA==
JUlsdXZ3LyNpcnUjZm9scWxmZG8jd3VsZG8jUUZXMzM6NTM4NDUvI2RwcnFqI3draCNwcnVoI2hpaWhmd2x5aCN1aGpscGhxI2xxanVoZ2xocXd2LyNsZ2hxd2xpfCN6a2xmayNscWp1aGdsaHF3I3Z3ZHV3diN6bHdrI3draCNvaHd3aHUjKkwqMV9xX3FXa2hxLyNpbHFnI3prbGZrI2ZycHNkcXwja2R2I3draCNvZHdodncjSUdEI2Rzc3VyeWRvI2dkd2gjeHMjd2xvbyNHaGYvIzUzNTcjaXJ1I3drbHYjbGdocXdsaWxoZyNscWp1aGdsaHF3MSNRcndoI3drZHcjemgjZHVoI3Jxb3wjb3JybmxxaiNpcnUjcnlodWRvbyNJR0QjZ3V4aiNkc3N1cnlkby8jcXJ3I3FoeiNscWdsZmR3bHJxdiNydSN2eHNzb2hwaHF3ZG8jZHNzdXJ5ZG92MV9xVWh3eHVxI3Jxb3wjd2toI2ZycHNkcXwjcWRwaCNscSNpcnVwZHcjcmkjRlJQU0RRXD0jcWRwaDEl,TFNWSFE=,RHNzb2xmZHF3Ykl4b29iUWRwaA==
JUlsdXZ3LyNpcnUjZm9scWxmZG8jd3VsZG8jUUZXMzU6ODg4PDovI2RwcnFqI3draCNwcnVoI2hpaWhmd2x5aCN1aGpscGhxI2xxanVoZ2xocXd2LyNsZ2hxd2xpfCN6a2xmayNscWp1aGdsaHF3I3Z3ZHV3diN6bHdrI3draCNvaHd3aHUjKlkqMV9xX3FXa2hxLyNpbHFnI3prbGZrI2ZycHNkcXwja2R2I3draCNvZHdodncjSUdEI2Rzc3VyeWRvI2dkd2gjeHMjd2xvbyNHaGYvIzUzNTcjaXJ1I3drbHYjbGdocXdsaWxoZyNscWp1aGdsaHF3MSNRcndoI3drZHcjemgjZHVoI3Jxb3wjb3JybmxxaiNpcnUjcnlodWRvbyNJR0QjZ3V4aiNkc3N1cnlkby8jcXJ3I3FoeiNscWdsZmR3bHJxdiNydSN2eHNzb2hwaHF3ZG8jZHNzdXJ5ZG92MV9xVWh3eHVxI3Jxb3wjd2toI2ZycHNkcXwjcWRwaCNscSNpcnVwZHcjcmkjRlJQU0RRXD0jcWRwaDEl,REVFWUxI,RHNzb2xmZHF3Ykl4b29iUWRwaA==
JUlsdXZ3LyNpcnUjZm9scWxmZG8jd3VsZG8jUUZXMzM7NjY7NjYvI2RwcnFqI3draCNwcnVoI2hpaWhmd2x5aCN1aGpscGhxI2xxanVoZ2xocXd2LyNsZ2hxd2xpfCN6a2xmayNscWp1aGdsaHF3I3Z3ZHV3diN6bHdrI3draCNvaHd3aHUjKkcqMV9xX3FXa2hxLyNpbHFnI3prbGZrI2ZycHNkcXwja2R2I3draCNvZHdodncjSUdEI2Rzc3VyeWRvI2dkd2gjeHMjd2xvbyNHaGYvIzUzNTcjaXJ1I3drbHYjbGdocXdsaWxoZyNscWp1aGdsaHF3MSNRcndoI3drZHcjemgjZHVoI3Jxb3wjb3JybmxxaiNpcnUjcnlodWRvbyNJR0QjZ3V4aiNkc3N1cnlkby8jcXJ3I3FoeiNscWdsZmR3bHJxdiNydSN2eHNzb2hwaHF3ZG8jZHNzdXJ5ZG92MV9xVWh3eHVxI3Jxb3wjd2toI2ZycHNkcXwjcWRwaCNscSNpcnVwZHcjcmkjRlJQU0RRXD0jcWRwaDEl,R0hbRkhP,RHNzb2xmZHF3Ykl4b29iUWRwaA==
JUlsdXZ3LyNpcnUjZm9scWxmZG8jd3VsZG8jUUZXMzQ8OjY2OzovI2RwcnFqI3draCNwcnVoI2hpaWhmd2x5aCN1aGpscGhxI2xxanVoZ2xocXd2LyNsZ2hxd2xpfCN6a2xmayNscWp1aGdsaHF3I3Z3ZHV3diN6bHdrI3draCNvaHd3aHUjKkwqMV9xX3FXa2hxLyNpbHFnI3prbGZrI2ZycHNkcXwja2R2I3draCNvZHdodncjSUdEI2Rzc3VyeWRvI2dkd2gjeHMjd2xvbyNHaGYvIzUzNTcjaXJ1I3drbHYjbGdocXdsaWxoZyNscWp1aGdsaHF3MSNRcndoI3drZHcjemgjZHVoI3Jxb3wjb3JybmxxaiNpcnUjcnlodWRvbyNJR0QjZ3V4aiNkc3N1cnlkby8jcXJ3I3FoeiNscWdsZmR3bHJxdiNydSN2eHNzb2hwaHF3ZG8jZHNzdXJ5ZG92MV9xVWh3eHVxI3Jxb3wjd2toI2ZycHNkcXwjcWRwaCNscSNpcnVwZHcjcmkjRlJQU0RRXD0jcWRwaDEl,U0tEVVBERlxGT0xGViNPT0Y=,RHNzb2xmZHF3Ykl4b29iUWRwaA==
JUlsdXZ3LyNpcnUjZm9scWxmZG8jd3VsZG8jUUZXMzM7NzY7OzUvI2RwcnFqI3draCNwcnVoI2hpaWhmd2x5aCN1aGpscGhxI2xxanVoZ2xocXd2LyNsZ2hxd2xpfCN6a2xmayNscWp1aGdsaHF3I3Z3ZHV3diN6bHdrI3draCNvaHd3aHUjKk8qMV9xX3FXa2hxLyNpbHFnI3prbGZrI2ZycHNkcXwja2R2I3draCNvZHdodncjSUdEI2Rzc3VyeWRvI2dkd2gjeHMjd2xvbyNHaGYvIzUzNTcjaXJ1I3drbHYjbGdocXdsaWxoZyNscWp1aGdsaHF3MSNRcndoI3drZHcjemgjZHVoI3Jxb3wjb3JybmxxaiNpcnUjcnlodWRvbyNJR0QjZ3V4aiNkc3N1cnlkby8jcXJ3I3FoeiNscWdsZmR3bHJxdiNydSN2eHNzb2hwaHF3ZG8jZHNzdXJ5ZG92MV9xVWh3eHVxI3Jxb3wjd2toI2ZycHNkcXwjcWRwaCNscSNpcnVwZHcjcmkjRlJQU0RRXD0jcWRwaDEl,RVVMVldSTyNQXEhVViNWVFhMRUU=,RHNzb2xmZHF3Ykl4b29iUWRwaA==
JUlsdXZ3LyNpcnUjZm9scWxmZG8jd3VsZG8jUUZXMzQ1NjQ3NDUvI2RwcnFqI3draCNwcnVoI2hpaWhmd2x5aCN1aGpscGhxI2xxanVoZ2xocXd2LyNsZ2hxd2xpfCN6a2xmayNscWp1aGdsaHF3I3Z3ZHV3diN6bHdrI3draCNvaHd3aHUjKlYqMV9xX3FXa2hxLyNpbHFnI3prbGZrI2ZycHNkcXwja2R2I3draCNvZHdodncjSUdEI2Rzc3VyeWRvI2dkd2gjeHMjd2xvbyNHaGYvIzUzNTcjaXJ1I3drbHYjbGdocXdsaWxoZyNscWp1aGdsaHF3MSNRcndoI3drZHcjemgjZHVoI3Jxb3wjb3JybmxxaiNpcnUjcnlodWRvbyNJR0QjZ3V4aiNkc3N1cnlkby8jcXJ3I3FoeiNscWdsZmR3bHJxdiNydSN2eHNzb2hwaHF3ZG8jZHNzdXJ5ZG92MV9xVWh3eHVxI3Jxb3wjd2toI2ZycHNkcXwjcWRwaCNscSNpcnVwZHcjcmkjRlJQU0RRXD0jcWRwaDEl,RERHTCNWWEU=,RHNzb2xmZHF3Ykl4b29iUWRwaA==
JUlsdXZ3LyNpcnUjZm9scWxmZG8jd3VsZG8jUUZXMzM8Ojc2NDQvI2RwcnFqI3draCNwcnVoI2hpaWhmd2x5aCN1aGpscGhxI2xxanVoZ2xocXd2LyNsZ2hxd2xpfCN6a2xmayNscWp1aGdsaHF3I3Z3ZHV3diN6bHdrI3draCNvaHd3aHUjKkgqMV9xX3FXa2hxLyNpcnUjd2tsdiNsZ2hxd2xpbGhnI2xxanVoZ2xocXcjd2tkdyN6ZHYjb2R2dyNkc3N1cnloZyN4cyN3bG9vI0doZi8jNTM1Ny8jemtocSNsdiNsd3Yjc2R3aHF3I2h7c2x1ZHdscnEjZ2R3aEJfcVFyd2gjd2tkdyN6aCNkdWgjcnFvfCNvcnJubHFqI2lydSNyeWh1ZG9vI0lHRCNndXhqI2Rzc3VyeWRvLyNxcncjcWh6I2xxZ2xmZHdscnF2I3J1I3Z4c3NvaHBocXdkbyNkc3N1cnlkb3YxX3FVaHd4dXEjcnFvfCN3a2gjZ2R3aCNscSNcXFxcI2lydXBkdz0jZ2R3aD0jXFxcXDEl,RHhqIzQ2LyM1MzU6,U2R3aHF3Ykh7c2x1aGJHZHdoYldoe3dic3VycHN3
JUlsdXZ3LyNpcnUjZm9scWxmZG8jd3VsZG8jUUZXMzU7Njs3NTMvI2RwcnFqI3draCNvaHZ2I2hpaWhmd2x5aCN1aGpscGhxI2xxanVoZ2xocXd2LyNsZ2hxd2xpfCN6a2xmayNscWp1aGdsaHF3I3Z3ZHV3diN6bHdrI3draCNvaHd3aHUjKkYqMV9xX3FXa2hxLyNpcnUjd2tsdiNsZ2hxd2xpbGhnI2xxanVoZ2xocXcjd2tkdyN6ZHYjb2R2dyNkc3N1cnloZyN4cyN3bG9vI0doZi8jNTM1Ny8jemtocSNsdiNsd3Yjc2R3aHF3I2h7c2x1ZHdscnEjZ2R3aEJfcVFyd2gjd2tkdyN6aCNkdWgjcnFvfCNvcnJubHFqI2lydSNyeWh1ZG9vI0lHRCNndXhqI2Rzc3VyeWRvLyNxcncjcWh6I2xxZ2xmZHdscnF2I3J1I3Z4c3NvaHBocXdkbyNkc3N1cnlkb3YxX3FVaHd4dXEjcnFvfCN3a2gjZ2R3aCNscSNcXFxcI2lydXBkdz0jZ2R3aD0jXFxcXDEl,UGR8IzQ1LyM1MzU6,U2R3aHF3Ykh7c2x1aGJHZHdoYldoe3dic3VycHN3
JUlsdXZ3LyNpcnUjZm9scWxmZG8jd3VsZG8jUUZXMzQ8NjszMzQvI2RwcnFqI3draCNwcnVoI2hpaWhmd2x5aCN1aGpscGhxI2xxanVoZ2xocXd2LyNsZ2hxd2xpfCN6a2xmayNscWp1aGdsaHF3I3Z3ZHV3diN6bHdrI3draCNvaHd3aHUjKk8qMV9xX3FXa2hxLyNpcnUjd2tsdiNsZ2hxd2xpbGhnI2xxanVoZ2xocXcjd2tkdyN6ZHYjb2R2dyNkc3N1cnloZyN4cyN3bG9vI0doZi8jNTM1Ny8jemtocSNsdiNsd3Yjc2R3aHF3I2h7c2x1ZHdscnEjZ2R3aEJfcVFyd2gjd2tkdyN6aCNkdWgjcnFvfCNvcnJubHFqI2lydSNyeWh1ZG9vI0lHRCNndXhqI2Rzc3VyeWRvLyNxcncjcWh6I2xxZ2xmZHdscnF2I3J1I3Z4c3NvaHBocXdkbyNkc3N1cnlkb3YxX3FVaHd4dXEjcnFvfCN3a2gjZ2R3aCNscSNcXFxcI2lydXBkdz0jZ2R3aD0jXFxcXDEl,RHN1IzU6LyM1MzU6,U2R3aHF3Ykh7c2x1aGJHZHdoYldoe3dic3VycHN3
JUlsdXZ3LyNpcnUjZm9scWxmZG8jd3VsZG8jUUZXMzMzOjQ6PDwvI2RwcnFqI3draCNwcnVoI2hpaWhmd2x5aCN1aGpscGhxI2xxanVoZ2xocXd2LyNsZ2hxd2xpfCN6a2xmayNscWp1aGdsaHF3I3Z3ZHV3diN6bHdrI3draCNvaHd3aHUjKkQqMV9xX3FXa2hxLyNpcnUjd2tsdiNsZ2hxd2xpbGhnI2xxanVoZ2xocXcjd2tkdyN6ZHYjb2R2dyNkc3N1cnloZyN4cyN3bG9vI0doZi8jNTM1Ny8jemtocSNsdiNsd3Yjc2R3aHF3I2h7c2x1ZHdscnEjZ2R3aEJfcVFyd2gjd2tkdyN6aCNkdWgjcnFvfCNvcnJubHFqI2lydSNyeWh1ZG9vI0lHRCNndXhqI2Rzc3VyeWRvLyNxcncjcWh6I2xxZ2xmZHdscnF2I3J1I3Z4c3NvaHBocXdkbyNkc3N1cnlkb3YxX3FVaHd4dXEjcnFvfCN3a2gjZ2R3aCNscSNcXFxcI2lydXBkdz0jZ2R3aD0jXFxcXDEl,UGR8IzQ3LyM1MzU8,U2R3aHF3Ykh7c2x1aGJHZHdoYldoe3dic3VycHN3
JUlsdXZ3LyNpcnUjZm9scWxmZG8jd3VsZG8jUUZXMzM6NTM4NDUvI2RwcnFqI3draCNwcnVoI2hpaWhmd2x5aCN1aGpscGhxI2xxanVoZ2xocXd2LyNsZ2hxd2xpfCN6a2xmayNscWp1aGdsaHF3I3Z3ZHV3diN6bHdrI3draCNvaHd3aHUjKkwqMV9xX3FXa2hxLyNpcnUjd2tsdiNsZ2hxd2xpbGhnI2xxanVoZ2xocXcjd2tkdyN6ZHYjb2R2dyNkc3N1cnloZyN4cyN3bG9vI0doZi8jNTM1Ny8jemtocSNsdiNsd3Yjc2R3aHF3I2h7c2x1ZHdscnEjZ2R3aEJfcVFyd2gjd2tkdyN6aCNkdWgjcnFvfCNvcnJubHFqI2lydSNyeWh1ZG9vI0lHRCNndXhqI2Rzc3VyeWRvLyNxcncjcWh6I2xxZ2xmZHdscnF2I3J1I3Z4c3NvaHBocXdkbyNkc3N1cnlkb3YxX3FVaHd4dXEjcnFvfCN3a2gjZ2R3aCNscSNcXFxcI2lydXBkdz0jZ2R3aD0jXFxcXDEl,TWRxIzkvIzUzNTo=,U2R3aHF3Ykh7c2x1aGJHZHdoYldoe3dic3VycHN3
JUlsdXZ3LyNpcnUjZm9scWxmZG8jd3VsZG8jUUZXMzU6ODg4PDovI2RwcnFqI3draCNwcnVoI2hpaWhmd2x5aCN1aGpscGhxI2xxanVoZ2xocXd2LyNsZ2hxd2xpfCN6a2xmayNscWp1aGdsaHF3I3Z3ZHV3diN6bHdrI3draCNvaHd3aHUjKlkqMV9xX3FXa2hxLyNpcnUjd2tsdiNsZ2hxd2xpbGhnI2xxanVoZ2xocXcjd2tkdyN6ZHYjb2R2dyNkc3N1cnloZyN4cyN3bG9vI0doZi8jNTM1Ny8jemtocSNsdiNsd3Yjc2R3aHF3I2h7c2x1ZHdscnEjZ2R3aEJfcVFyd2gjd2tkdyN6aCNkdWgjcnFvfCNvcnJubHFqI2lydSNyeWh1ZG9vI0lHRCNndXhqI2Rzc3VyeWRvLyNxcncjcWh6I2xxZ2xmZHdscnF2I3J1I3Z4c3NvaHBocXdkbyNkc3N1cnlkb3YxX3FVaHd4dXEjcnFvfCN3a2gjZ2R3aCNscSNcXFxcI2lydXBkdz0jZ2R3aD0jXFxcXDEl,TWRxIzU8LyM1MzY1,U2R3aHF3Ykh7c2x1aGJHZHdoYldoe3dic3VycHN3
JUlsdXZ3LyNpcnUjZm9scWxmZG8jd3VsZG8jUUZXMzM7NjY7NjYvI2RwcnFqI3draCNwcnVoI2hpaWhmd2x5aCN1aGpscGhxI2xxanVoZ2xocXd2LyNsZ2hxd2xpfCN6a2xmayNscWp1aGdsaHF3I3Z3ZHV3diN6bHdrI3draCNvaHd3aHUjKkcqMV9xX3FXa2hxLyNpcnUjd2tsdiNsZ2hxd2xpbGhnI2xxanVoZ2xocXcjd2tkdyN6ZHYjb2R2dyNkc3N1cnloZyN4cyN3bG9vI0doZi8jNTM1Ny8jemtocSNsdiNsd3Yjc2R3aHF3I2h7c2x1ZHdscnEjZ2R3aEJfcVFyd2gjd2tkdyN6aCNkdWgjcnFvfCNvcnJubHFqI2lydSNyeWh1ZG9vI0lHRCNndXhqI2Rzc3VyeWRvLyNxcncjcWh6I2xxZ2xmZHdscnF2I3J1I3Z4c3NvaHBocXdkbyNkc3N1cnlkb3YxX3FVaHd4dXEjcnFvfCN3a2gjZ2R3aCNscSNcXFxcI2lydXBkdz0jZ2R3aD0jXFxcXDEl,R2hmIzQ7LyM1MzY6,U2R3aHF3Ykh7c2x1aGJHZHdoYldoe3dic3VycHN3
JUlsdXZ3LyNpcnUjZm9scWxmZG8jd3VsZG8jUUZXMzQ8OjY2OzovI2RwcnFqI3draCNwcnVoI2hpaWhmd2x5aCN1aGpscGhxI2xxanVoZ2xocXd2LyNsZ2hxd2xpfCN6a2xmayNscWp1aGdsaHF3I3Z3ZHV3diN6bHdrI3draCNvaHd3aHUjKkwqMV9xX3FXa2hxLyNpcnUjd2tsdiNsZ2hxd2xpbGhnI2xxanVoZ2xocXcjd2tkdyN6ZHYjb2R2dyNkc3N1cnloZyN4cyN3bG9vI0doZi8jNTM1Ny8jemtocSNsdiNsd3Yjc2R3aHF3I2h7c2x1ZHdscnEjZ2R3aEJfcVFyd2gjd2tkdyN6aCNkdWgjcnFvfCNvcnJubHFqI2lydSNyeWh1ZG9vI0lHRCNndXhqI2Rzc3VyeWRvLyNxcncjcWh6I2xxZ2xmZHdscnF2I3J1I3Z4c3NvaHBocXdkbyNkc3N1cnlkb3YxX3FVaHd4dXEjcnFvfCN3a2gjZ2R3aCNscSNcXFxcI2lydXBkdz0jZ2R3aD0jXFxcXDEl,R2hmIzYvIzUzNjQ=,U2R3aHF3Ykh7c2x1aGJHZHdoYldoe3dic3VycHN3
JUlsdXZ3LyNpcnUjZm9scWxmZG8jd3VsZG8jUUZXMzM7NzY7OzUvI2RwcnFqI3draCNwcnVoI2hpaWhmd2x5aCN1aGpscGhxI2xxanVoZ2xocXd2LyNsZ2hxd2xpfCN6a2xmayNscWp1aGdsaHF3I3Z3ZHV3diN6bHdrI3draCNvaHd3aHUjKk8qMV9xX3FXa2hxLyNpcnUjd2tsdiNsZ2hxd2xpbGhnI2xxanVoZ2xocXcjd2tkdyN6ZHYjb2R2dyNkc3N1cnloZyN4cyN3bG9vI0doZi8jNTM1Ny8jemtocSNsdiNsd3Yjc2R3aHF3I2h7c2x1ZHdscnEjZ2R3aEJfcVFyd2gjd2tkdyN6aCNkdWgjcnFvfCNvcnJubHFqI2lydSNyeWh1ZG9vI0lHRCNndXhqI2Rzc3VyeWRvLyNxcncjcWh6I2xxZ2xmZHdscnF2I3J1I3Z4c3NvaHBocXdkbyNkc3N1cnlkb3YxX3FVaHd4dXEjcnFvfCN3a2gjZ2R3aCNscSNcXFxcI2lydXBkdz0jZ2R3aD0jXFxcXDEl,RHN1IzU6LyM1MzU6,U2R3aHF3Ykh7c2x1aGJHZHdoYldoe3dic3VycHN3
JUlsdXZ3LyNpcnUjZm9scWxmZG8jd3VsZG8jUUZXMzQ1NjQ3NDUvI2RwcnFqI3draCNwcnVoI2hpaWhmd2x5aCN1aGpscGhxI2xxanVoZ2xocXd2LyNsZ2hxd2xpfCN6a2xmayNscWp1aGdsaHF3I3Z3ZHV3diN6bHdrI3draCNvaHd3aHUjKlYqMV9xX3FXa2hxLyNpcnUjd2tsdiNsZ2hxd2xpbGhnI2xxanVoZ2xocXcjd2tkdyN6ZHYjb2R2dyNkc3N1cnloZyN4cyN3bG9vI0doZi8jNTM1Ny8jemtocSNsdiNsd3Yjc2R3aHF3I2h7c2x1ZHdscnEjZ2R3aEJfcVFyd2gjd2tkdyN6aCNkdWgjcnFvfCNvcnJubHFqI2lydSNyeWh1ZG9vI0lHRCNndXhqI2Rzc3VyeWRvLyNxcncjcWh6I2xxZ2xmZHdscnF2I3J1I3Z4c3NvaHBocXdkbyNkc3N1cnlkb3YxX3FVaHd4dXEjcnFvfCN3a2gjZ2R3aCNscSNcXFxcI2lydXBkdz0jZ2R3aD0jXFxcXDEl,UGR1IzgvIzUzNjk=,U2R3aHF3Ykh7c2x1aGJHZHdoYldoe3dic3VycHN3
JUlydSNmb2xxbGZkbyN3dWxkbyNRRlczMzw6NzY0NC8jZHBycWojd2toI3BydWgjaGlpaGZ3bHloI3VoamxwaHEjbHFqdWhnbGhxd3YvI2xnaHF3bGl8I3prbGZrI2xxanVoZ2xocXcjdndkdXd2I3psd2sjd2toI29od3dodSMqSCoxX3FfcVdraHEvI2lydSN3a2x2I2xnaHF3bGlsaGcjbHFqdWhnbGhxdyN3a2R3I3pkdiNvZHZ3I2Rzc3VyeWhnI3hzI3dsb28jR2hmLyM1MzU3LyN6a2hxI2x2I2x3diNoe2ZveHZseWx3fCNnZHdoI2RmZnJ1Z2xxaiN3ciN3a2gjSUdEQl9xUXJ3aCN3a2R3I3poI2R1aCNycW98I29ycm5scWojaXJ1I3J5aHVkb28jSUdEI2d1eGojZHNzdXJ5ZG8vI3FydyNxaHojbHFnbGZkd2xycXYjcnUjdnhzc29ocGhxd2RvI2Rzc3VyeWRvdjFfcVVod3h1cSNycW98I3draCNnZHdoI2xxI1BQMEdHMFxcXFwjaXJ1cGR3PSNnZHdoPSNQUDBHRzBcXFxcMSU=,UXJ5IzQ6LyM1MzU5,SHtmb3h2bHlsd3xiR2R3aA==
JUlydSNmb2xxbGZkbyN3dWxkbyNRRlczNTs2Ozc1My8jZHBycWojd2toI29odnYjaGlpaGZ3bHloI3VoamxwaHEjbHFqdWhnbGhxd3YvI2xnaHF3bGl8I3prbGZrI2xxanVoZ2xocXcjdndkdXd2I3psd2sjd2toI29od3dodSMqRioxX3FfcVdraHEvI2lydSN3a2x2I2xnaHF3bGlsaGcjbHFqdWhnbGhxdyN3a2R3I3pkdiNvZHZ3I2Rzc3VyeWhnI3hzI3dsb28jR2hmLyM1MzU3LyN6a2hxI2x2I2x3diNoe2ZveHZseWx3fCNnZHdoI2RmZnJ1Z2xxaiN3ciN3a2gjSUdEQl9xUXJ3aCN3a2R3I3poI2R1aCNycW98I29ycm5scWojaXJ1I3J5aHVkb28jSUdEI2d1eGojZHNzdXJ5ZG8vI3FydyNxaHojbHFnbGZkd2xycXYjcnUjdnhzc29ocGhxd2RvI2Rzc3VyeWRvdjFfcVVod3h1cSNycW98I3draCNnZHdoI2xxI1BQMEdHMFxcXFwjaXJ1cGR3PSNnZHdoPSNQUDBHRzBcXFxcMSU=,TXhvIzQ3LyM1MzU4,SHtmb3h2bHlsd3xiR2R3aA==
JUlydSNmb2xxbGZkbyN3dWxkbyNRRlczNDw2OzMzNC8jZHBycWojd2toI3BydWgjaGlpaGZ3bHloI3VoamxwaHEjbHFqdWhnbGhxd3YvI2xnaHF3bGl8I3prbGZrI2xxanVoZ2xocXcjdndkdXd2I3psd2sjd2toI29od3dodSMqTyoxX3FfcVdraHEvI2lydSN3a2x2I2xnaHF3bGlsaGcjbHFqdWhnbGhxdyN3a2R3I3pkdiNvZHZ3I2Rzc3VyeWhnI3hzI3dsb28jR2hmLyM1MzU3LyN6a2hxI2x2I2x3diNoe2ZveHZseWx3fCNnZHdoI2RmZnJ1Z2xxaiN3ciN3a2gjSUdEQl9xUXJ3aCN3a2R3I3poI2R1aCNycW98I29ycm5scWojaXJ1I3J5aHVkb28jSUdEI2d1eGojZHNzdXJ5ZG8vI3FydyNxaHojbHFnbGZkd2xycXYjcnUjdnhzc29ocGhxd2RvI2Rzc3VyeWRvdjFfcVVod3h1cSNycW98I3draCNnZHdoI2xxI1BQMEdHMFxcXFwjaXJ1cGR3PSNnZHdoPSNQUDBHRzBcXFxcMSU=,UGR8IzU7LyM1MzU5,SHtmb3h2bHlsd3xiR2R3aA==
JUlydSNmb2xxbGZkbyN3dWxkbyNRRlczMzM6NDo8PC8jZHBycWojd2toI3BydWgjaGlpaGZ3bHloI3VoamxwaHEjbHFqdWhnbGhxd3YvI2xnaHF3bGl8I3prbGZrI2xxanVoZ2xocXcjdndkdXd2I3psd2sjd2toI29od3dodSMqRCoxX3FfcVdraHEvI2lydSN3a2x2I2xnaHF3bGlsaGcjbHFqdWhnbGhxdyN3a2R3I3pkdiNvZHZ3I2Rzc3VyeWhnI3hzI3dsb28jR2hmLyM1MzU3LyN6a2hxI2x2I2x3diNoe2ZveHZseWx3fCNnZHdoI2RmZnJ1Z2xxaiN3ciN3a2gjSUdEQl9xUXJ3aCN3a2R3I3poI2R1aCNycW98I29ycm5scWojaXJ1I3J5aHVkb28jSUdEI2d1eGojZHNzdXJ5ZG8vI3FydyNxaHojbHFnbGZkd2xycXYjcnUjdnhzc29ocGhxd2RvI2Rzc3VyeWRvdjFfcVVod3h1cSNycW98I3draCNnZHdoI2xxI1BQMEdHMFxcXFwjaXJ1cGR3PSNnZHdoPSNQUDBHRzBcXFxcMSU=,VmhzIzQvIzUzNTo=,SHtmb3h2bHlsd3xiR2R3aA==
JUlydSNmb2xxbGZkbyN3dWxkbyNRRlczMzo1Mzg0NS8jZHBycWojd2toI3BydWgjaGlpaGZ3bHloI3VoamxwaHEjbHFqdWhnbGhxd3YvI2xnaHF3bGl8I3prbGZrI2xxanVoZ2xocXcjdndkdXd2I3psd2sjd2toI29od3dodSMqTCoxX3FfcVdraHEvI2lydSN3a2x2I2xnaHF3bGlsaGcjbHFqdWhnbGhxdyN3a2R3I3pkdiNvZHZ3I2Rzc3VyeWhnI3hzI3dsb28jR2hmLyM1MzU3LyN6a2hxI2x2I2x3diNoe2ZveHZseWx3fCNnZHdoI2RmZnJ1Z2xxaiN3ciN3a2gjSUdEQl9xUXJ3aCN3a2R3I3poI2R1aCNycW98I29ycm5scWojaXJ1I3J5aHVkb28jSUdEI2d1eGojZHNzdXJ5ZG8vI3FydyNxaHojbHFnbGZkd2xycXYjcnUjdnhzc29ocGhxd2RvI2Rzc3VyeWRvdjFfcVVod3h1cSNycW98I3draCNnZHdoI2xxI1BQMEdHMFxcXFwjaXJ1cGR3PSNnZHdoPSNQUDBHRzBcXFxcMSU=,SWhlIzQ2LyM1MzY0,SHtmb3h2bHlsd3xiR2R3aA==
JUlydSNmb2xxbGZkbyN3dWxkbyNRRlczNTo4ODg8Oi8jZHBycWojd2toI3BydWgjaGlpaGZ3bHloI3VoamxwaHEjbHFqdWhnbGhxd3YvI2xnaHF3bGl8I3prbGZrI2xxanVoZ2xocXcjdndkdXd2I3psd2sjd2toI29od3dodSMqWSoxX3FfcVdraHEvI2lydSN3a2x2I2xnaHF3bGlsaGcjbHFqdWhnbGhxdyN3a2R3I3pkdiNvZHZ3I2Rzc3VyeWhnI3hzI3dsb28jR2hmLyM1MzU3LyN6a2hxI2x2I2x3diNoe2ZveHZseWx3fCNnZHdoI2RmZnJ1Z2xxaiN3ciN3a2gjSUdEQl9xUXJ3aCN3a2R3I3poI2R1aCNycW98I29ycm5scWojaXJ1I3J5aHVkb28jSUdEI2d1eGojZHNzdXJ5ZG8vI3FydyNxaHojbHFnbGZkd2xycXYjcnUjdnhzc29ocGhxd2RvI2Rzc3VyeWRvdjFfcVVod3h1cSNycW98I3draCNnZHdoI2xxI1BQMEdHMFxcXFwjaXJ1cGR3PSNnZHdoPSNQUDBHRzBcXFxcMSU=,UGR8IzQ4LyM1MzU5,SHtmb3h2bHlsd3xiR2R3aA==
JUlydSNmb2xxbGZkbyN3dWxkbyNRRlczMzs2Njs2Ni8jZHBycWojd2toI3BydWgjaGlpaGZ3bHloI3VoamxwaHEjbHFqdWhnbGhxd3YvI2xnaHF3bGl8I3prbGZrI2xxanVoZ2xocXcjdndkdXd2I3psd2sjd2toI29od3dodSMqRyoxX3FfcVdraHEvI2lydSN3a2x2I2xnaHF3bGlsaGcjbHFqdWhnbGhxdyN3a2R3I3pkdiNvZHZ3I2Rzc3VyeWhnI3hzI3dsb28jR2hmLyM1MzU3LyN6a2hxI2x2I2x3diNoe2ZveHZseWx3fCNnZHdoI2RmZnJ1Z2xxaiN3ciN3a2gjSUdEQl9xUXJ3aCN3a2R3I3poI2R1aCNycW98I29ycm5scWojaXJ1I3J5aHVkb28jSUdEI2d1eGojZHNzdXJ5ZG8vI3FydyNxaHojbHFnbGZkd2xycXYjcnUjdnhzc29ocGhxd2RvI2Rzc3VyeWRvdjFfcVVod3h1cSNycW98I3draCNnZHdoI2xxI1BQMEdHMFxcXFwjaXJ1cGR3PSNnZHdoPSNQUDBHRzBcXFxcMSU=,UmZ3IzYvIzUzNTk=,SHtmb3h2bHlsd3xiR2R3aA==
JUlydSNmb2xxbGZkbyN3dWxkbyNRRlczNDw6NjY7Oi8jZHBycWojd2toI3BydWgjaGlpaGZ3bHloI3VoamxwaHEjbHFqdWhnbGhxd3YvI2xnaHF3bGl8I3prbGZrI2xxanVoZ2xocXcjdndkdXd2I3psd2sjd2toI29od3dodSMqTCoxX3FfcVdraHEvI2lydSN3a2x2I2xnaHF3bGlsaGcjbHFqdWhnbGhxdyN3a2R3I3pkdiNvZHZ3I2Rzc3VyeWhnI3hzI3dsb28jR2hmLyM1MzU3LyN6a2hxI2x2I2x3diNoe2ZveHZseWx3fCNnZHdoI2RmZnJ1Z2xxaiN3ciN3a2gjSUdEQl9xUXJ3aCN3a2R3I3poI2R1aCNycW98I29ycm5scWojaXJ1I3J5aHVkb28jSUdEI2d1eGojZHNzdXJ5ZG8vI3FydyNxaHojbHFnbGZkd2xycXYjcnUjdnhzc29ocGhxd2RvI2Rzc3VyeWRvdjFfcVVod3h1cSNycW98I3draCNnZHdoI2xxI1BQMEdHMFxcXFwjaXJ1cGR3PSNnZHdoPSNQUDBHRzBcXFxcMSU=,RHhqIzU3LyM1MzU8,SHtmb3h2bHlsd3xiR2R3aA==
JUlydSNmb2xxbGZkbyN3dWxkbyNRRlczMzs3Njs7NS8jZHBycWojd2toI3BydWgjaGlpaGZ3bHloI3VoamxwaHEjbHFqdWhnbGhxd3YvI2xnaHF3bGl8I3prbGZrI2xxanVoZ2xocXcjdndkdXd2I3psd2sjd2toI29od3dodSMqTyoxX3FfcVdraHEvI2lydSN3a2x2I2xnaHF3bGlsaGcjbHFqdWhnbGhxdyN3a2R3I3pkdiNvZHZ3I2Rzc3VyeWhnI3hzI3dsb28jR2hmLyM1MzU3LyN6a2hxI2x2I2x3diNoe2ZveHZseWx3fCNnZHdoI2RmZnJ1Z2xxaiN3ciN3a2gjSUdEQl9xUXJ3aCN3a2R3I3poI2R1aCNycW98I29ycm5scWojaXJ1I3J5aHVkb28jSUdEI2d1eGojZHNzdXJ5ZG8vI3FydyNxaHojbHFnbGZkd2xycXYjcnUjdnhzc29ocGhxd2RvI2Rzc3VyeWRvdjFfcVVod3h1cSNycW98I3draCNnZHdoI2xxI1BQMEdHMFxcXFwjaXJ1cGR3PSNnZHdoPSNQUDBHRzBcXFxcMSU=,UGR8IzU7LyM1MzU5,SHtmb3h2bHlsd3xiR2R3aA==
JUlydSNmb2xxbGZkbyN3dWxkbyNRRlczNDU2NDc0NS8jZHBycWojd2toI3BydWgjaGlpaGZ3bHloI3VoamxwaHEjbHFqdWhnbGhxd3YvI2xnaHF3bGl8I3prbGZrI2xxanVoZ2xocXcjdndkdXd2I3psd2sjd2toI29od3dodSMqVioxX3FfcVdraHEvI2lydSN3a2x2I2xnaHF3bGlsaGcjbHFqdWhnbGhxdyN3a2R3I3pkdiNvZHZ3I2Rzc3VyeWhnI3hzI3dsb28jR2hmLyM1MzU3LyN6a2hxI2x2I2x3diNoe2ZveHZseWx3fCNnZHdoI2RmZnJ1Z2xxaiN3ciN3a2gjSUdEQl9xUXJ3aCN3a2R3I3poI2R1aCNycW98I29ycm5scWojaXJ1I3J5aHVkb28jSUdEI2d1eGojZHNzdXJ5ZG8vI3FydyNxaHojbHFnbGZkd2xycXYjcnUjdnhzc29ocGhxd2RvI2Rzc3VyeWRvdjFfcVVod3h1cSNycW98I3draCNnZHdoI2xxI1BQMEdHMFxcXFwjaXJ1cGR3PSNnZHdoPSNQUDBHRzBcXFxcMSU=,UXJ5IzU1LyM1MzU7,SHtmb3h2bHlsd3xiR2R3aA==
JUlydSNmb2xxbGZkbyN3dWxkbyNRRlczMzw6NzY0NC8jdWh5bGh6I3draCNwcnVoI2hpaWhmd2x5aCN1aGpscGhxI2xxanVoZ2xocXd2I2RxZyNsZ2hxd2xpfCN6a2xmayNscWp1aGdsaHF3I3Z3ZHV3diN6bHdrI3draCNvaHd3aHUjKkgqMV9xX3FXa2hxLyNnaHdodXBscWgjemtsZmsjc2tkdXBkZmh4d2xmZG8jZnJwc2RxfCN1aGZobHloZyN3a2gjcHJ2dyN1aGZocXcjSUdEI2Rzc3VyeWRvIyt4cyN4cXdsbyNHaGZocGVodSM1MzU3LCNpcnUjd2tsdiNsZ2hxd2xpbGhnI2xxanVoZ2xocXcxX3FRcndoI3drZHcjemgjZHVoI3Jxb3wjb3JybmxxaiNpcnUjcnlodWRvbyNJR0QjZ3V4aiNkc3N1cnlkby8jcXJ3I3FoeiNscWdsZmR3bHJxdiNydSN2eHNzb2hwaHF3ZG8jZHNzdXJ5ZG92MV9xX3FMaSN3a2x2I2ZycHNkcXwjbHYjb2x2d2hnI3JxI2RxfCNYViN2d3JmbiNwZHVuaHcjK2xxZm94Z2xxaiNyeWh1MHdraDBmcnhxd2h1I3BkdW5od3YsLyNzdXJ5bGdoPV9xNDEjV2toI3Z3cmZuI3dsZm5odSN2fHBlcm9fcTUxI1draCNyc2hxbHFqI3Z3cmZuI3N1bGZoI3JxI3draCNJR0QjZHNzdXJ5ZG8jZ2R3aF9xX3FMaSN3a2gjZnJwc2RxfCNsdiNxcncjb2x2d2hnI3JxI2RxfCNYViN2d3JmbiNwZHVuaHcvI3NvaGR2aCNscWdsZmR3aCNfJVFSVyNPTFZXSEdfJTEl,NDgxPDs8PDw8Ojo=,UnNocWJycWJEc3N1cnlkbw==
JUlydSNmb2xxbGZkbyN3dWxkbyNRRlczNTs2Ozc1My8jdWh5bGh6I3draCNvaHZ2I2hpaWhmd2x5aCN1aGpscGhxI2xxanVoZ2xocXd2I2RxZyNsZ2hxd2xpfCN6a2xmayNscWp1aGdsaHF3I3Z3ZHV3diN6bHdrI3draCNvaHd3aHUjKkYqMV9xX3FXa2hxLyNnaHdodXBscWgjemtsZmsjc2tkdXBkZmh4d2xmZG8jZnJwc2RxfCN1aGZobHloZyN3a2gjcHJ2dyN1aGZocXcjSUdEI2Rzc3VyeWRvIyt4cyN4cXdsbyNHaGZocGVodSM1MzU3LCNpcnUjd2tsdiNsZ2hxd2xpbGhnI2xxanVoZ2xocXcxX3FRcndoI3drZHcjemgjZHVoI3Jxb3wjb3JybmxxaiNpcnUjcnlodWRvbyNJR0QjZ3V4aiNkc3N1cnlkby8jcXJ3I3FoeiNscWdsZmR3bHJxdiNydSN2eHNzb2hwaHF3ZG8jZHNzdXJ5ZG92MV9xX3FMaSN3a2x2I2ZycHNkcXwjbHYjb2x2d2hnI3JxI2RxfCNYViN2d3JmbiNwZHVuaHcjK2xxZm94Z2xxaiNyeWh1MHdraDBmcnhxd2h1I3BkdW5od3YsLyNzdXJ5bGdoPV9xNDEjV2toI3Z3cmZuI3dsZm5odSN2fHBlcm9fcTUxI1draCNyc2hxbHFqI3Z3cmZuI3N1bGZoI3JxI3draCNJR0QjZHNzdXJ5ZG8jZ2R3aF9xX3FMaSN3a2gjZnJwc2RxfCNsdiNxcncjb2x2d2hnI3JxI2RxfCNYViN2d3JmbiNwZHVuaHcvI3NvaGR2aCNscWdsZmR3aCNfJVFSVyNPTFZXSEdfJTEl,NjcxNzozMzM0NTU=,UnNocWJycWJEc3N1cnlkbw==
JUlydSNmb2xxbGZkbyN3dWxkbyNRRlczNDw2OzMzNC8jdWh5bGh6I3draCNwcnVoI2hpaWhmd2x5aCN1aGpscGhxI2xxanVoZ2xocXd2I2RxZyNsZ2hxd2xpfCN6a2xmayNscWp1aGdsaHF3I3Z3ZHV3diN6bHdrI3draCNvaHd3aHUjKk8qMV9xX3FXa2hxLyNnaHdodXBscWgjemtsZmsjc2tkdXBkZmh4d2xmZG8jZnJwc2RxfCN1aGZobHloZyN3a2gjcHJ2dyN1aGZocXcjSUdEI2Rzc3VyeWRvIyt4cyN4cXdsbyNHaGZocGVodSM1MzU3LCNpcnUjd2tsdiNsZ2hxd2xpbGhnI2xxanVoZ2xocXcxX3FRcndoI3drZHcjemgjZHVoI3Jxb3wjb3JybmxxaiNpcnUjcnlodWRvbyNJR0QjZ3V4aiNkc3N1cnlkby8jcXJ3I3FoeiNscWdsZmR3bHJxdiNydSN2eHNzb2hwaHF3ZG8jZHNzdXJ5ZG92MV9xX3FMaSN3a2x2I2ZycHNkcXwjbHYjb2x2d2hnI3JxI2RxfCNYViN2d3JmbiNwZHVuaHcjK2xxZm94Z2xxaiNyeWh1MHdraDBmcnhxd2h1I3BkdW5od3YsLyNzdXJ5bGdoPV9xNDEjV2toI3Z3cmZuI3dsZm5odSN2fHBlcm9fcTUxI1draCNyc2hxbHFqI3Z3cmZuI3N1bGZoI3JxI3draCNJR0QjZHNzdXJ5ZG8jZ2R3aF9xX3FMaSN3a2gjZnJwc2RxfCNsdiNxcncjb2x2d2hnI3JxI2RxfCNYViN2d3JmbiNwZHVuaHcvI3NvaGR2aCNscWdsZmR3aCNfJVFSVyNPTFZXSEdfJTEl,NzkxOjU8PDw8ODc=,UnNocWJycWJEc3N1cnlkbw==
JUlydSNmb2xxbGZkbyN3dWxkbyNRRlczMzM6NDo8PC8jdWh5bGh6I3draCNwcnVoI2hpaWhmd2x5aCN1aGpscGhxI2xxanVoZ2xocXd2I2RxZyNsZ2hxd2xpfCN6a2xmayNscWp1aGdsaHF3I3Z3ZHV3diN6bHdrI3draCNvaHd3aHUjKkQqMV9xX3FXa2hxLyNnaHdodXBscWgjemtsZmsjc2tkdXBkZmh4d2xmZG8jZnJwc2RxfCN1aGZobHloZyN3a2gjcHJ2dyN1aGZocXcjSUdEI2Rzc3VyeWRvIyt4cyN4cXdsbyNHaGZocGVodSM1MzU3LCNpcnUjd2tsdiNsZ2hxd2xpbGhnI2xxanVoZ2xocXcxX3FRcndoI3drZHcjemgjZHVoI3Jxb3wjb3JybmxxaiNpcnUjcnlodWRvbyNJR0QjZ3V4aiNkc3N1cnlkby8jcXJ3I3FoeiNscWdsZmR3bHJxdiNydSN2eHNzb2hwaHF3ZG8jZHNzdXJ5ZG92MV9xX3FMaSN3a2x2I2ZycHNkcXwjbHYjb2x2d2hnI3JxI2RxfCNYViN2d3JmbiNwZHVuaHcjK2xxZm94Z2xxaiNyeWh1MHdraDBmcnhxd2h1I3BkdW5od3YsLyNzdXJ5bGdoPV9xNDEjV2toI3Z3cmZuI3dsZm5odSN2fHBlcm9fcTUxI1draCNyc2hxbHFqI3Z3cmZuI3N1bGZoI3JxI3draCNJR0QjZHNzdXJ5ZG8jZ2R3aF9xX3FMaSN3a2gjZnJwc2RxfCNsdiNxcncjb2x2d2hnI3JxI2RxfCNYViN2d3JmbiNwZHVuaHcvI3NvaGR2aCNscWdsZmR3aCNfJVFSVyNPTFZXSEdfJTEl,OTUxNTMzMzMzOjk=,UnNocWJycWJEc3N1cnlkbw==
JUlydSNmb2xxbGZkbyN3dWxkbyNRRlczMzo1Mzg0NS8jdWh5bGh6I3draCNwcnVoI2hpaWhmd2x5aCN1aGpscGhxI2xxanVoZ2xocXd2I2RxZyNsZ2hxd2xpfCN6a2xmayNscWp1aGdsaHF3I3Z3ZHV3diN6bHdrI3draCNvaHd3aHUjKkwqMV9xX3FXa2hxLyNnaHdodXBscWgjemtsZmsjc2tkdXBkZmh4d2xmZG8jZnJwc2RxfCN1aGZobHloZyN3a2gjcHJ2dyN1aGZocXcjSUdEI2Rzc3VyeWRvIyt4cyN4cXdsbyNHaGZocGVodSM1MzU3LCNpcnUjd2tsdiNsZ2hxd2xpbGhnI2xxanVoZ2xocXcxX3FRcndoI3drZHcjemgjZHVoI3Jxb3wjb3JybmxxaiNpcnUjcnlodWRvbyNJR0QjZ3V4aiNkc3N1cnlkby8jcXJ3I3FoeiNscWdsZmR3bHJxdiNydSN2eHNzb2hwaHF3ZG8jZHNzdXJ5ZG92MV9xX3FMaSN3a2x2I2ZycHNkcXwjbHYjb2x2d2hnI3JxI2RxfCNYViN2d3JmbiNwZHVuaHcjK2xxZm94Z2xxaiNyeWh1MHdraDBmcnhxd2h1I3BkdW5od3YsLyNzdXJ5bGdoPV9xNDEjV2toI3Z3cmZuI3dsZm5odSN2fHBlcm9fcTUxI1draCNyc2hxbHFqI3Z3cmZuI3N1bGZoI3JxI3draCNJR0QjZHNzdXJ5ZG8jZ2R3aF9xX3FMaSN3a2gjZnJwc2RxfCNsdiNxcncjb2x2d2hnI3JxI2RxfCNYViN2d3JmbiNwZHVuaHcvI3NvaGR2aCNscWdsZmR3aCNfJVFSVyNPTFZXSEdfJTEl,NDgxNDczMzMzNjc=,UnNocWJycWJEc3N1cnlkbw==
JUlydSNmb2xxbGZkbyN3dWxkbyNRRlczNTo4ODg8Oi8jdWh5bGh6I3draCNwcnVoI2hpaWhmd2x5aCN1aGpscGhxI2xxanVoZ2xocXd2I2RxZyNsZ2hxd2xpfCN6a2xmayNscWp1aGdsaHF3I3Z3ZHV3diN6bHdrI3draCNvaHd3aHUjKlkqMV9xX3FXa2hxLyNnaHdodXBscWgjemtsZmsjc2tkdXBkZmh4d2xmZG8jZnJwc2RxfCN1aGZobHloZyN3a2gjcHJ2dyN1aGZocXcjSUdEI2Rzc3VyeWRvIyt4cyN4cXdsbyNHaGZocGVodSM1MzU3LCNpcnUjd2tsdiNsZ2hxd2xpbGhnI2xxanVoZ2xocXcxX3FRcndoI3drZHcjemgjZHVoI3Jxb3wjb3JybmxxaiNpcnUjcnlodWRvbyNJR0QjZ3V4aiNkc3N1cnlkby8jcXJ3I3FoeiNscWdsZmR3bHJxdiNydSN2eHNzb2hwaHF3ZG8jZHNzdXJ5ZG92MV9xX3FMaSN3a2x2I2ZycHNkcXwjbHYjb2x2d2hnI3JxI2RxfCNYViN2d3JmbiNwZHVuaHcjK2xxZm94Z2xxaiNyeWh1MHdraDBmcnhxd2h1I3BkdW5od3YsLyNzdXJ5bGdoPV9xNDEjV2toI3Z3cmZuI3dsZm5odSN2fHBlcm9fcTUxI1draCNyc2hxbHFqI3Z3cmZuI3N1bGZoI3JxI3draCNJR0QjZHNzdXJ5ZG8jZ2R3aF9xX3FMaSN3a2gjZnJwc2RxfCNsdiNxcncjb2x2d2hnI3JxI2RxfCNYViN2d3JmbiNwZHVuaHcvI3NvaGR2aCNscWdsZmR3aCNfJVFSVyNPTFZXSEdfJTEl,ODsxODwzMzMzNDg=,UnNocWJycWJEc3N1cnlkbw==
JUlydSNmb2xxbGZkbyN3dWxkbyNRRlczMzs2Njs2Ni8jdWh5bGh6I3draCNwcnVoI2hpaWhmd2x5aCN1aGpscGhxI2xxanVoZ2xocXd2I2RxZyNsZ2hxd2xpfCN6a2xmayNscWp1aGdsaHF3I3Z3ZHV3diN6bHdrI3draCNvaHd3aHUjKkcqMV9xX3FXa2hxLyNnaHdodXBscWgjemtsZmsjc2tkdXBkZmh4d2xmZG8jZnJwc2RxfCN1aGZobHloZyN3a2gjcHJ2dyN1aGZocXcjSUdEI2Rzc3VyeWRvIyt4cyN4cXdsbyNHaGZocGVodSM1MzU3LCNpcnUjd2tsdiNsZ2hxd2xpbGhnI2xxanVoZ2xocXcxX3FRcndoI3drZHcjemgjZHVoI3Jxb3wjb3JybmxxaiNpcnUjcnlodWRvbyNJR0QjZ3V4aiNkc3N1cnlkby8jcXJ3I3FoeiNscWdsZmR3bHJxdiNydSN2eHNzb2hwaHF3ZG8jZHNzdXJ5ZG92MV9xX3FMaSN3a2x2I2ZycHNkcXwjbHYjb2x2d2hnI3JxI2RxfCNYViN2d3JmbiNwZHVuaHcjK2xxZm94Z2xxaiNyeWh1MHdraDBmcnhxd2h1I3BkdW5od3YsLyNzdXJ5bGdoPV9xNDEjV2toI3Z3cmZuI3dsZm5odSN2fHBlcm9fcTUxI1draCNyc2hxbHFqI3Z3cmZuI3N1bGZoI3JxI3draCNJR0QjZHNzdXJ5ZG8jZ2R3aF9xX3FMaSN3a2gjZnJwc2RxfCNsdiNxcncjb2x2d2hnI3JxI2RxfCNYViN2d3JmbiNwZHVuaHcvI3NvaGR2aCNscWdsZmR3aCNfJVFSVyNPTFZXSEdfJTEl,UVJXI09MVldIRw==,UnNocWJycWJEc3N1cnlkbw==
JUlydSNmb2xxbGZkbyN3dWxkbyNRRlczNDw6NjY7Oi8jdWh5bGh6I3draCNwcnVoI2hpaWhmd2x5aCN1aGpscGhxI2xxanVoZ2xocXd2I2RxZyNsZ2hxd2xpfCN6a2xmayNscWp1aGdsaHF3I3Z3ZHV3diN6bHdrI3draCNvaHd3aHUjKkwqMV9xX3FXa2hxLyNnaHdodXBscWgjemtsZmsjc2tkdXBkZmh4d2xmZG8jZnJwc2RxfCN1aGZobHloZyN3a2gjcHJ2dyN1aGZocXcjSUdEI2Rzc3VyeWRvIyt4cyN4cXdsbyNHaGZocGVodSM1MzU3LCNpcnUjd2tsdiNsZ2hxd2xpbGhnI2xxanVoZ2xocXcxX3FRcndoI3drZHcjemgjZHVoI3Jxb3wjb3JybmxxaiNpcnUjcnlodWRvbyNJR0QjZ3V4aiNkc3N1cnlkby8jcXJ3I3FoeiNscWdsZmR3bHJxdiNydSN2eHNzb2hwaHF3ZG8jZHNzdXJ5ZG92MV9xX3FMaSN3a2x2I2ZycHNkcXwjbHYjb2x2d2hnI3JxI2RxfCNYViN2d3JmbiNwZHVuaHcjK2xxZm94Z2xxaiNyeWh1MHdraDBmcnhxd2h1I3BkdW5od3YsLyNzdXJ5bGdoPV9xNDEjV2toI3Z3cmZuI3dsZm5odSN2fHBlcm9fcTUxI1draCNyc2hxbHFqI3Z3cmZuI3N1bGZoI3JxI3draCNJR0QjZHNzdXJ5ZG8jZ2R3aF9xX3FMaSN3a2gjZnJwc2RxfCNsdiNxcncjb2x2d2hnI3JxI2RxfCNYViN2d3JmbiNwZHVuaHcvI3NvaGR2aCNscWdsZmR3aCNfJVFSVyNPTFZXSEdfJTEl,UVJXI09MVldIRw==,UnNocWJycWJEc3N1cnlkbw==
JUlydSNmb2xxbGZkbyN3dWxkbyNRRlczMzs3Njs7NS8jdWh5bGh6I3draCNwcnVoI2hpaWhmd2x5aCN1aGpscGhxI2xxanVoZ2xocXd2I2RxZyNsZ2hxd2xpfCN6a2xmayNscWp1aGdsaHF3I3Z3ZHV3diN6bHdrI3draCNvaHd3aHUjKk8qMV9xX3FXa2hxLyNnaHdodXBscWgjemtsZmsjc2tkdXBkZmh4d2xmZG8jZnJwc2RxfCN1aGZobHloZyN3a2gjcHJ2dyN1aGZocXcjSUdEI2Rzc3VyeWRvIyt4cyN4cXdsbyNHaGZocGVodSM1MzU3LCNpcnUjd2tsdiNsZ2hxd2xpbGhnI2xxanVoZ2xocXcxX3FRcndoI3drZHcjemgjZHVoI3Jxb3wjb3JybmxxaiNpcnUjcnlodWRvbyNJR0QjZ3V4aiNkc3N1cnlkby8jcXJ3I3FoeiNscWdsZmR3bHJxdiNydSN2eHNzb2hwaHF3ZG8jZHNzdXJ5ZG92MV9xX3FMaSN3a2x2I2ZycHNkcXwjbHYjb2x2d2hnI3JxI2RxfCNYViN2d3JmbiNwZHVuaHcjK2xxZm94Z2xxaiNyeWh1MHdraDBmcnhxd2h1I3BkdW5od3YsLyNzdXJ5bGdoPV9xNDEjV2toI3Z3cmZuI3dsZm5odSN2fHBlcm9fcTUxI1draCNyc2hxbHFqI3Z3cmZuI3N1bGZoI3JxI3draCNJR0QjZHNzdXJ5ZG8jZ2R3aF9xX3FMaSN3a2gjZnJwc2RxfCNsdiNxcncjb2x2d2hnI3JxI2RxfCNYViN2d3JmbiNwZHVuaHcvI3NvaGR2aCNscWdsZmR3aCNfJVFSVyNPTFZXSEdfJTEl,NzkxOjU8PDw8ODc=,UnNocWJycWJEc3N1cnlkbw==
JUlydSNmb2xxbGZkbyN3dWxkbyNRRlczNDU2NDc0NS8jdWh5bGh6I3draCNwcnVoI2hpaWhmd2x5aCN1aGpscGhxI2xxanVoZ2xocXd2I2RxZyNsZ2hxd2xpfCN6a2xmayNscWp1aGdsaHF3I3Z3ZHV3diN6bHdrI3draCNvaHd3aHUjKlYqMV9xX3FXa2hxLyNnaHdodXBscWgjemtsZmsjc2tkdXBkZmh4d2xmZG8jZnJwc2RxfCN1aGZobHloZyN3a2gjcHJ2dyN1aGZocXcjSUdEI2Rzc3VyeWRvIyt4cyN4cXdsbyNHaGZocGVodSM1MzU3LCNpcnUjd2tsdiNsZ2hxd2xpbGhnI2xxanVoZ2xocXcxX3FRcndoI3drZHcjemgjZHVoI3Jxb3wjb3JybmxxaiNpcnUjcnlodWRvbyNJR0QjZ3V4aiNkc3N1cnlkby8jcXJ3I3FoeiNscWdsZmR3bHJxdiNydSN2eHNzb2hwaHF3ZG8jZHNzdXJ5ZG92MV9xX3FMaSN3a2x2I2ZycHNkcXwjbHYjb2x2d2hnI3JxI2RxfCNYViN2d3JmbiNwZHVuaHcjK2xxZm94Z2xxaiNyeWh1MHdraDBmcnhxd2h1I3BkdW5od3YsLyNzdXJ5bGdoPV9xNDEjV2toI3Z3cmZuI3dsZm5odSN2fHBlcm9fcTUxI1draCNyc2hxbHFqI3Z3cmZuI3N1bGZoI3JxI3draCNJR0QjZHNzdXJ5ZG8jZ2R3aF9xX3FMaSN3a2gjZnJwc2RxfCNsdiNxcncjb2x2d2hnI3JxI2RxfCNYViN2d3JmbiNwZHVuaHcvI3NvaGR2aCNscWdsZmR3aCNfJVFSVyNPTFZXSEdfJTEl,NjwxOzczMzMzNDg=,UnNocWJycWJEc3N1cnlkbw==

